allele,Caretta_caretta,Chelonia_mydas,Dermochelys_coriacea,Lepidochelys_kempii,multiple_species,supertype_k3,type
Caca001_MHCIIB,1,1,1,1,1,ST-B,chr1
Caca002_MHCIIB,1,1,0,1,1,ST-B,chr1
Caca003_MHCIIB,1,0,0,0,0,ST-B,chr14
Caca004_MHCIIB,1,1,0,0,1,ST-B,chr14
Caca005_MHCIIB,1,0,0,0,0,ST-A,chr14
Caca006_MHCIIB,1,1,0,0,1,ST-B,chr14
Caca007_MHCIIB,1,0,0,0,0,ST-B,chr14
Caca008_MHCIIB,1,0,0,0,0,ST-C,chr14
Caca009_MHCIIB,1,1,0,0,1,ST-A,chr14
Caca010_MHCIIB,1,0,0,0,0,ST-A,chr14
Caca011_MHCIIB,1,1,0,0,1,ST-A,chr14
Caca012_MHCIIB,1,0,0,0,0,ST-A,chr14
Caca013_MHCIIB,1,0,0,0,0,ST-A,chr14
Caca014_MHCIIB,1,0,0,0,0,ST-A,chr14
Caca015_MHCIIB,1,0,0,0,0,ST-A,chr14
Caca016_MHCIIB,1,0,0,0,0,ST-A,chr14
Caca017_MHCIIB,1,0,0,0,0,ST-A,chr14
Caca018_MHCIIB,1,0,0,0,0,ST-A,chr14
Caca019_MHCIIB,1,0,0,0,0,ST-B,chr14
Caca020_MHCIIB,1,1,0,0,1,ST-A,chr14
Caca021_MHCIIB,1,0,0,0,0,ST-B,chr14
Caca022_MHCIIB,1,0,0,0,0,ST-A,chr14
Caca023_MHCIIB,1,0,0,0,0,ST-A,chr14
Caca024_MHCIIB,1,0,0,0,0,ST-B,chr14
Caca025_MHCIIB,1,0,0,0,0,ST-A,chr14
Caca026_MHCIIB,1,0,0,0,0,ST-A,chr14
Caca027_MHCIIB,1,0,0,0,0,ST-B,chr14
Caca028_MHCIIB,1,0,0,0,0,ST-A,chr14
Caca029_MHCIIB,1,0,0,0,0,ST-A,chr14
Caca030_MHCIIB,1,0,0,0,0,ST-A,chr14
Caca031_MHCIIB,1,1,0,0,1,ST-B,chr14
Caca032_MHCIIB,1,0,0,0,0,ST-A,chr14
Caca033_MHCIIB,1,0,0,0,0,ST-A,chr14
Caca034_MHCIIB,1,0,0,0,0,ST-A,chr14
Caca035_MHCIIB,1,1,0,0,1,ST-B,chr14
Caca036_MHCIIB,1,0,0,0,0,ST-A,chr14
Caca037_MHCIIB,1,0,0,0,0,ST-A,chr14
Caca038_MHCIIB,1,0,0,0,0,ST-A,chr14
Caca039_MHCIIB,1,0,0,0,0,ST-B,chr14
Caca040_MHCIIB,1,0,0,0,0,ST-A,chr14
Caca041_MHCIIB,1,0,0,0,0,ST-A,chr14
Caca042_MHCIIB,1,0,0,0,0,ST-A,chr14
Caca043_MHCIIB,1,0,0,0,0,ST-A,chr14
Caca044_MHCIIB,1,0,0,0,0,ST-A,chr14
Caca045_MHCIIB,1,0,0,0,0,ST-A,chr14
Caca046_MHCIIB,1,0,0,0,0,ST-A,chr14
Chmy001_MHCIIB,0,1,0,1,1,ST-B,chr1
Chmy002_MHCIIB,0,1,0,0,0,ST-B,chr1
Chmy003_MHCIIB,0,1,0,0,0,ST-B,chr1
Chmy004_MHCIIB,0,1,0,0,0,ST-B,chr1
Chmy005_MHCIIB,0,1,0,0,0,ST-B,chr1
Chmy006_MHCIIB,0,1,0,0,0,ST-B,chr1
Chmy007_MHCIIB,0,1,0,0,0,ST-B,chr1
Chmy008_MHCIIB,0,1,0,0,0,ST-B,chr1
Chmy009_MHCIIB,0,1,0,0,0,ST-B,chr1
Chmy010_MHCIIB,0,1,0,0,0,ST-B,chr1
Chmy011_MHCIIB,0,1,0,1,1,ST-B,chr14
Chmy012_MHCIIB,0,1,0,0,0,ST-B,chr14
Chmy013_MHCIIB,0,1,0,0,0,ST-C,chr14
Chmy014_MHCIIB,0,1,0,0,0,ST-A,chr14
Chmy015_MHCIIB,0,1,0,0,0,ST-A,chr14
Chmy016_MHCIIB,0,1,0,0,0,ST-C,chr14
Chmy017_MHCIIB,0,1,0,0,0,ST-B,chr14
Chmy018_MHCIIB,0,1,0,0,0,ST-B,chr14
Chmy019_MHCIIB,0,1,0,0,0,ST-C,chr14
Chmy020_MHCIIB,0,1,0,0,0,ST-A,chr14
Chmy021_MHCIIB,0,1,0,0,0,ST-B,chr14
Chmy022_MHCIIB,0,1,0,0,0,ST-C,chr14
Chmy023_MHCIIB,0,1,0,0,0,ST-A,chr14
Chmy024_MHCIIB,0,1,0,0,0,ST-C,chr14
Chmy025_MHCIIB,0,1,0,0,0,ST-C,chr14
Chmy026_MHCIIB,0,1,0,0,0,ST-C,chr14
Chmy027_MHCIIB,0,1,0,0,0,ST-A,chr14
Chmy028_MHCIIB,0,1,0,0,0,ST-B,chr14
Chmy029_MHCIIB,0,1,0,0,0,ST-A,chr14
Chmy030_MHCIIB,0,1,0,0,0,ST-B,chr14
Chmy031_MHCIIB,0,1,0,0,0,ST-A,chr14
Chmy032_MHCIIB,0,1,0,0,0,ST-A,chr14
Chmy033_MHCIIB,0,1,0,0,0,ST-B,chr14
Chmy034_MHCIIB,0,1,0,0,0,ST-A,chr14
Chmy035_MHCIIB,0,1,0,0,0,ST-B,chr14
Chmy036_MHCIIB,0,1,0,0,0,ST-B,chr14
Chmy037_MHCIIB,0,1,0,0,0,ST-B,chr14
Chmy038_MHCIIB,0,1,0,0,0,ST-B,chr14
Chmy039_MHCIIB,0,1,0,0,0,ST-B,chr14
Chmy040_MHCIIB,0,1,0,0,0,ST-C,chr14
Chmy041_MHCIIB,0,1,0,0,0,ST-B,chr14
Chmy042_MHCIIB,0,1,0,0,0,ST-C,chr14
Chmy043_MHCIIB,0,1,0,0,0,ST-B,chr14
Chmy044_MHCIIB,0,1,0,0,0,ST-B,chr14
Chmy045_MHCIIB,0,1,0,0,0,ST-A,chr14
Chmy046_MHCIIB,0,1,0,0,0,ST-B,chr14
Chmy047_MHCIIB,0,1,0,0,0,ST-B,chr14
Chmy048_MHCIIB,0,1,0,0,0,ST-B,chr14
Chmy049_MHCIIB,0,1,0,0,0,ST-B,chr14
Chmy050_MHCIIB,0,1,0,0,0,ST-A,chr14
Chmy051_MHCIIB,0,1,0,0,0,ST-B,chr14
Chmy052_MHCIIB,0,1,0,0,0,ST-B,chr14
Chmy053_MHCIIB,0,1,0,0,0,ST-A,chr14
Chmy054_MHCIIB,0,1,0,0,0,ST-A,chr14
Chmy055_MHCIIB,0,1,0,0,0,ST-A,chr14
Chmy056_MHCIIB,0,1,0,0,0,ST-A,chr14
Chmy057_MHCIIB,0,1,0,0,0,ST-C,chr14
Chmy058_MHCIIB,0,1,0,0,0,ST-A,chr14
Chmy059_MHCIIB,0,1,0,0,0,ST-C,chr14
Chmy060_MHCIIB,0,1,0,0,0,ST-C,chr14
Chmy061_MHCIIB,0,1,0,0,0,ST-A,chr14
Chmy062_MHCIIB,0,1,0,0,0,ST-C,chr14
Chmy063_MHCIIB,0,1,0,0,0,ST-A,chr14
Chmy064_MHCIIB,0,1,0,0,0,ST-B,chr14
Chmy065_MHCIIB,0,1,0,0,0,ST-B,chr14
Chmy066_MHCIIB,0,1,0,0,0,ST-B,chr14
Chmy067_MHCIIB,0,1,0,0,0,ST-A,chr14
Chmy068_MHCIIB,0,1,0,0,0,ST-A,chr14
Chmy069_MHCIIB,0,1,0,0,0,ST-C,chr14
Chmy070_MHCIIB,0,1,0,0,0,ST-B,chr14
Chmy071_MHCIIB,0,1,0,0,0,ST-B,chr14
Chmy072_MHCIIB,0,1,0,0,0,ST-A,chr14
Chmy073_MHCIIB,0,1,0,0,0,ST-B,chr14
Chmy074_MHCIIB,0,1,0,0,0,ST-B,chr14
Chmy075_MHCIIB,0,1,0,0,0,ST-C,chr14
Chmy076_MHCIIB,0,1,0,0,0,ST-A,chr14
Chmy077_MHCIIB,0,1,0,0,0,ST-A,chr14
Chmy078_MHCIIB,0,1,0,0,0,ST-C,chr14
Chmy079_MHCIIB,0,1,0,0,0,ST-B,chr14
Chmy080_MHCIIB,0,1,0,0,0,ST-B,chr14
Chmy081_MHCIIB,0,1,0,0,0,ST-B,chr14
Chmy082_MHCIIB,0,1,0,0,0,ST-A,chr14
Chmy083_MHCIIB,0,1,0,0,0,ST-A,chr14
Chmy084_MHCIIB,0,1,0,0,0,ST-C,chr14
Chmy085_MHCIIB,0,1,0,0,0,ST-A,chr14
Chmy086_MHCIIB,0,1,0,0,0,ST-A,chr14
Chmy087_MHCIIB,0,1,0,0,0,ST-B,chr14
Chmy088_MHCIIB,0,1,0,0,0,ST-B,chr14
Chmy089_MHCIIB,0,1,0,0,0,ST-A,chr14
Chmy090_MHCIIB,0,1,0,0,0,ST-C,chr14
Chmy091_MHCIIB,0,1,0,0,0,ST-B,chr14
Chmy092_MHCIIB,0,1,0,0,0,ST-C,chr14
Chmy093_MHCIIB,0,1,0,0,0,ST-A,chr14
Chmy094_MHCIIB,0,1,0,0,0,ST-A,chr14
Chmy095_MHCIIB,0,1,0,0,0,ST-C,chr14
Chmy096_MHCIIB,0,1,0,0,0,ST-A,chr14
Chmy097_MHCIIB,0,1,0,0,0,ST-A,chr14
Chmy098_MHCIIB,0,1,0,0,0,ST-A,chr14
Chmy099_MHCIIB,0,1,0,0,0,ST-B,chr14
Chmy100_MHCIIB,0,1,0,0,0,ST-A,chr14
Chmy101_MHCIIB,0,1,0,0,0,ST-C,chr14
Chmy102_MHCIIB,0,1,0,0,0,ST-C,chr14
Chmy103_MHCIIB,0,1,0,0,0,ST-A,chr14
Chmy104_MHCIIB,0,1,0,0,0,ST-B,chr14
Chmy105_MHCIIB,0,1,0,0,0,ST-A,chr14
Chmy106_MHCIIB,0,1,0,0,0,ST-B,chr14
Chmy107_MHCIIB,0,1,0,0,0,ST-A,chr14
Chmy108_MHCIIB,0,1,0,0,0,ST-B,chr14
Chmy109_MHCIIB,0,1,0,0,0,ST-A,chr14
Chmy110_MHCIIB,0,1,0,0,0,ST-C,chr14
Chmy111_MHCIIB,0,1,0,0,0,ST-C,chr14
Chmy112_MHCIIB,0,1,0,0,0,ST-C,chr14
Chmy113_MHCIIB,0,1,0,0,0,ST-C,chr14
Chmy114_MHCIIB,0,1,0,0,0,ST-B,chr14
Chmy115_MHCIIB,0,1,0,0,0,ST-B,chr14
Chmy116_MHCIIB,0,1,0,0,0,ST-B,chr14
Chmy117_MHCIIB,0,1,0,0,0,ST-B,chr14
Chmy118_MHCIIB,0,1,0,0,0,ST-A,chr14
Chmy119_MHCIIB,0,1,0,0,0,ST-B,chr14
Chmy120_MHCIIB,0,1,0,0,0,ST-A,chr14
Chmy121_MHCIIB,0,1,0,0,0,ST-C,chr14
Chmy122_MHCIIB,0,1,0,0,0,ST-B,chr14
Chmy123_MHCIIB,0,1,0,0,0,ST-B,chr14
Chmy124_MHCIIB,0,1,0,0,0,ST-A,chr14
Chmy125_MHCIIB,0,1,0,0,0,ST-B,chr14
Chmy126_MHCIIB,0,1,0,0,0,ST-C,chr14
Chmy127_MHCIIB,0,1,0,0,0,ST-C,chr14
Chmy128_MHCIIB,0,1,0,0,0,ST-A,chr14
Chmy129_MHCIIB,0,1,0,0,0,ST-B,chr14
Chmy130_MHCIIB,0,1,0,0,0,ST-B,chr14
Chmy131_MHCIIB,0,1,0,0,0,ST-A,chr14
Chmy132_MHCIIB,0,1,0,0,0,ST-B,chr14
Chmy133_MHCIIB,0,1,0,0,0,ST-B,chr14
Chmy134_MHCIIB,0,1,0,0,0,ST-B,chr14
Chmy135_MHCIIB,0,1,0,0,0,ST-C,chr14
Chmy136_MHCIIB,0,1,0,0,0,ST-A,chr14
Chmy137_MHCIIB,0,1,0,0,0,ST-B,chr14
Chmy138_MHCIIB,0,1,0,0,0,ST-B,chr14
Chmy139_MHCIIB,0,1,0,0,0,ST-B,chr14
Chmy140_MHCIIB,0,1,0,0,0,ST-C,chr14
Chmy141_MHCIIB,0,1,0,0,0,ST-B,chr14
Chmy142_MHCIIB,0,1,0,0,0,ST-C,chr14
Chmy143_MHCIIB,0,1,0,0,0,ST-C,chr14
Chmy144_MHCIIB,0,1,0,0,0,ST-B,chr14
Chmy145_MHCIIB,0,1,0,0,0,ST-C,chr14
Chmy146_MHCIIB,0,1,0,0,0,ST-C,chr14
Chmy147_MHCIIB,0,1,0,0,0,ST-C,chr14
Chmy148_MHCIIB,0,1,0,0,0,ST-B,chr14
Chmy149_MHCIIB,0,1,0,0,0,ST-B,chr14
Chmy150_MHCIIB,0,1,0,0,0,ST-A,chr14
Chmy151_MHCIIB,0,1,0,0,0,ST-C,chr14
Chmy152_MHCIIB,0,1,0,0,0,ST-B,chr14
Chmy153_MHCIIB,0,1,0,0,0,ST-A,chr14
Chmy154_MHCIIB,0,1,0,0,0,ST-B,chr14
Chmy155_MHCIIB,0,1,0,0,0,ST-C,chr14
Chmy156_MHCIIB,0,1,0,0,0,ST-B,chr14
Chmy157_MHCIIB,0,1,0,0,0,ST-C,chr14
Chmy158_MHCIIB,0,1,0,0,0,ST-B,chr14
Chmy159_MHCIIB,0,1,0,0,0,ST-A,chr14
Chmy160_MHCIIB,0,1,0,0,0,ST-B,chr14
Chmy161_MHCIIB,0,1,0,0,0,ST-B,chr14
Chmy162_MHCIIB,0,1,0,0,0,ST-B,chr14
Chmy163_MHCIIB,0,1,0,0,0,ST-C,chr14
Chmy164_MHCIIB,0,1,0,0,0,ST-C,chr14
Chmy165_MHCIIB,0,1,0,0,0,ST-B,chr14
Chmy166_MHCIIB,0,1,0,0,0,ST-B,chr14
Chmy167_MHCIIB,0,1,0,0,0,ST-B,chr14
Chmy168_MHCIIB,0,1,0,0,0,ST-C,chr14
Chmy169_MHCIIB,0,1,0,0,0,ST-B,chr14
Chmy170_MHCIIB,0,1,0,0,0,ST-A,chr14
Chmy171_MHCIIB,0,1,0,0,0,ST-A,chr14
Chmy172_MHCIIB,0,1,0,0,0,ST-C,chr14
Chmy173_MHCIIB,0,1,0,0,0,ST-A,chr14
Chmy174_MHCIIB,0,1,0,0,0,ST-B,chr14
Chmy175_MHCIIB,0,1,0,0,0,ST-B,chr14
Chmy176_MHCIIB,0,1,0,0,0,ST-B,chr14
Chmy177_MHCIIB,0,1,0,0,0,ST-B,chr14
Chmy178_MHCIIB,0,1,0,0,0,ST-B,chr14
Chmy179_MHCIIB,0,1,0,0,0,ST-B,chr14
Chmy180_MHCIIB,0,1,0,0,0,ST-A,chr14
Chmy181_MHCIIB,0,1,0,0,0,ST-B,chr14
Chmy182_MHCIIB,0,1,0,0,0,ST-B,chr14
Chmy183_MHCIIB,0,1,0,0,0,ST-B,chr14
Chmy184_MHCIIB,0,1,0,0,0,ST-C,chr14
Chmy185_MHCIIB,0,1,0,0,0,ST-B,chr14
Chmy186_MHCIIB,0,1,0,0,0,ST-C,chr14
Chmy187_MHCIIB,0,1,0,0,0,ST-B,chr14
Chmy188_MHCIIB,0,1,0,0,0,ST-C,chr14
Chmy189_MHCIIB,0,1,0,0,0,ST-B,chr14
Chmy190_MHCIIB,0,1,0,0,0,ST-B,chr14
Chmy191_MHCIIB,0,1,0,0,0,ST-B,chr14
Chmy192_MHCIIB,0,1,0,0,0,ST-B,chr14
Chmy193_MHCIIB,0,1,0,0,0,ST-B,chr14
Chmy194_MHCIIB,0,1,0,0,0,ST-B,chr14
Chmy195_MHCIIB,0,1,0,0,0,ST-B,chr14
Chmy196_MHCIIB,0,1,0,0,0,ST-B,chr14
Chmy197_MHCIIB,0,1,0,0,0,ST-C,chr14
Chmy198_MHCIIB,0,1,0,0,0,ST-B,chr14
Chmy199_MHCIIB,0,1,0,0,0,ST-B,chr14
Chmy200_MHCIIB,0,1,0,0,0,ST-B,chr14
Chmy201_MHCIIB,0,1,0,0,0,ST-A,chr14
Chmy202_MHCIIB,0,1,0,0,0,ST-B,chr14
Chmy203_MHCIIB,0,1,0,0,0,ST-B,chr14
Chmy204_MHCIIB,0,1,0,0,0,ST-B,chr14
Chmy205_MHCIIB,0,1,0,0,0,ST-B,chr14
Chmy206_MHCIIB,0,1,0,0,0,ST-C,chr14
Chmy207_MHCIIB,0,1,0,0,0,ST-B,chr14
Chmy208_MHCIIB,0,1,0,0,0,ST-B,chr14
Chmy209_MHCIIB,0,1,0,0,0,ST-C,chr14
Chmy210_MHCIIB,0,1,0,0,0,ST-B,chr14
Chmy211_MHCIIB,0,1,0,0,0,ST-B,chr14
Chmy212_MHCIIB,0,1,0,0,0,ST-B,chr14
Chmy213_MHCIIB,0,1,0,0,0,ST-B,chr14
Chmy214_MHCIIB,0,1,0,0,0,ST-C,chr14
Chmy215_MHCIIB,0,1,0,0,0,ST-C,chr14
Chmy216_MHCIIB,0,1,0,0,0,ST-B,chr14
Chmy217_MHCIIB,0,1,0,0,0,ST-C,chr14
Chmy218_MHCIIB,0,1,0,0,0,ST-B,chr14
Chmy219_MHCIIB,0,1,0,0,0,ST-B,chr14
Deco001_MHCIIB,0,0,1,0,0,ST-B,chr1
Deco002_MHCIIB,0,0,1,0,0,ST-B,chr14
Deco003_MHCIIB,0,0,1,0,0,ST-B,chr14
Deco004_MHCIIB,0,0,1,0,0,ST-B,chr14
Deco005_MHCIIB,0,0,1,0,0,ST-B,chr14
Deco006_MHCIIB,0,0,1,0,0,ST-B,chr14
Deco007_MHCIIB,0,0,1,0,0,ST-B,chr14
Deco008_MHCIIB,0,0,1,0,0,ST-B,chr14
Deco009_MHCIIB,0,0,1,0,0,ST-B,chr14
Deco010_MHCIIB,0,0,1,0,0,ST-B,chr14
Deco011_MHCIIB,0,0,1,0,0,ST-B,chr14
Deco012_MHCIIB,0,0,1,0,0,ST-B,chr14
Deco013_MHCIIB,0,0,1,0,0,ST-B,chr14
Deco014_MHCIIB,0,0,1,0,0,ST-B,chr14
Deco015_MHCIIB,0,0,1,0,0,ST-B,chr14
Deco016_MHCIIB,0,0,1,0,0,ST-B,chr14
Deco017_MHCIIB,0,0,1,0,0,ST-B,chr14
Deco018_MHCIIB,0,0,1,0,0,ST-B,chr14
Deco019_MHCIIB,0,0,1,0,0,ST-B,chr14
Deco020_MHCIIB,0,0,1,0,0,ST-B,chr14
Deco021_MHCIIB,0,0,1,0,0,ST-B,chr14
Leke001_MHCIIB,1,1,0,1,1,ST-B,chr1
Leke002_MHCIIB,0,0,0,1,0,ST-C,chr14
Leke003_MHCIIB,0,0,0,1,0,ST-B,chr14
Leke004_MHCIIB,0,0,0,1,0,ST-B,chr14
Leke005_MHCIIB,0,0,0,1,0,ST-B,chr14
Leke006_MHCIIB,0,0,0,1,0,ST-B,chr14
Leke007_MHCIIB,0,0,0,1,0,ST-B,chr14
Leke008_MHCIIB,0,0,0,1,0,ST-C,chr14
Leke009_MHCIIB,0,0,0,1,0,ST-B,chr14
Leke010_MHCIIB,0,0,0,1,0,ST-C,chr14
Leke011_MHCIIB,0,0,0,1,0,ST-A,chr14
Leke012_MHCIIB,0,0,0,1,0,ST-B,chr14
Leke013_MHCIIB,0,0,0,1,0,ST-B,chr14
Leke014_MHCIIB,0,0,0,1,0,ST-B,chr14
Leke015_MHCIIB,0,0,0,1,0,ST-B,chr14
Leke016_MHCIIB,0,0,0,1,0,ST-B,chr14
Leke017_MHCIIB,0,0,0,1,0,ST-B,chr14
Leke018_MHCIIB,0,0,0,1,0,ST-B,chr14
Leke019_MHCIIB,0,0,0,1,0,ST-B,chr14
Leke020_MHCIIB,0,0,0,1,0,ST-B,chr14
Leke021_MHCIIB,0,0,0,1,0,ST-B,chr14
Leke022_MHCIIB,0,0,0,1,0,ST-B,chr14