allele,Caretta_caretta,Chelonia_mydas,Dermochelys_coriacea,Lepidochelys_kempii,multiple_species,supertype_k3
Caca01,1,1,0,0,1,A
Caca02,1,1,0,0,1,A
Caca03,1,0,0,0,0,A
Caca04,1,0,0,0,0,A
Caca05,1,0,0,0,0,C
Caca06,1,0,0,0,0,C
Caca07,1,0,0,0,0,C
Caca08,1,0,0,0,0,A
Caca09,1,0,0,0,0,A
Carca00,1,0,0,0,0,A
Carca09,1,1,0,0,1,A
Carca102,1,0,0,0,0,B
Carca109,1,0,0,0,0,C
Carca11,1,0,0,0,0,A
Carca13,1,0,0,0,0,A
Carca14,1,0,0,0,0,C
Carca15,1,1,0,0,1,C
Carca16,1,0,0,0,0,A
Carca17,1,0,0,0,0,C
Carca186,1,0,0,0,0,C
Carca19,1,1,0,0,1,C
Carca21,1,0,0,0,0,C
Carca235,1,0,0,0,0,A
Carca25,1,0,0,0,0,A
Carca27,1,0,0,0,0,C
Carca28,1,0,0,0,0,C
Carca30,1,0,0,0,0,C
Carca32,1,0,0,0,0,A
Carca42,1,0,0,0,0,B
Carca475,1,0,0,0,0,B
Carca56,1,0,0,0,0,A
Carca81,1,0,0,0,0,C
Chmy01,0,1,0,0,0,C
Chmy02,0,1,0,1,1,C
Chmy03,0,1,0,0,0,A
Chmy04,0,1,0,0,0,A
Chmy05,0,1,0,0,0,B
Chmy06,0,1,0,0,0,B
Chmy07,1,1,0,0,1,B
Chmy08,0,1,0,0,0,B
Chmy09,0,1,0,1,1,B
Chmy10,1,1,0,0,1,C
Chmy100,0,1,0,0,0,B
Chmy101,0,1,0,0,0,B
Chmy102,0,1,0,0,0,B
Chmy103,0,1,0,0,0,A
Chmy104,0,1,0,0,0,A
Chmy11,0,1,0,0,0,B
Chmy12,1,1,0,0,1,B
Chmy13,0,1,0,0,0,B
Chmy14,0,1,0,1,1,B
Chmy15,0,1,0,0,0,A
Chmy16,0,1,0,0,0,B
Chmy17,1,1,0,1,1,A
Chmy18,0,1,0,0,0,B
Chmy19,0,1,0,0,0,B
Chmy20,0,1,0,0,0,B
Chmy21,0,1,0,0,0,B
Chmy22,0,1,0,0,0,B
Chmy23,0,1,0,0,0,B
Chmy24,0,1,0,0,0,B
Chmy25,0,1,0,0,0,B
Chmy26,1,1,0,0,1,B
Chmy27,0,1,0,0,0,B
Chmy28,0,1,0,0,0,B
Chmy29,0,1,0,0,0,B
Chmy30,0,1,0,0,0,B
Chmy31,1,1,0,0,1,B
Chmy32,0,1,0,0,0,B
Chmy33,0,1,0,0,0,B
Chmy34,0,1,0,0,0,A
Chmy35,0,1,0,0,0,A
Chmy36,0,1,0,0,0,B
Chmy37,0,1,0,0,0,B
Chmy38,0,1,0,0,0,B
Chmy39,0,1,0,0,0,B
Chmy40,0,1,0,0,0,B
Chmy41,1,1,0,0,1,C
Chmy42,0,1,0,0,0,B
Chmy43,0,1,0,0,0,B
Chmy44,0,1,0,0,0,B
Chmy45,0,1,0,0,0,B
Chmy46,0,1,0,0,0,B
Chmy47,0,1,0,0,0,A
Chmy48,0,1,0,0,0,C
Chmy49,0,1,0,0,0,C
Chmy50,0,1,0,0,0,B
Chmy51,0,1,0,0,0,C
Chmy52,0,1,0,0,0,B
Chmy53,0,1,0,0,0,B
Chmy54,0,1,0,0,0,A
Chmy55,1,1,0,0,1,C
Chmy56,0,1,0,0,0,B
Chmy57,0,1,0,0,0,A
Chmy58,0,1,0,0,0,A
Chmy59,0,1,0,0,0,B
Chmy60,0,1,0,0,0,B
Chmy61,0,1,0,0,0,C
Chmy62,0,1,0,0,0,C
Chmy63,0,1,0,0,0,C
Chmy64,0,1,0,0,0,A
Chmy65,0,1,0,0,0,B
Chmy66,1,1,0,0,1,B
Chmy67,0,1,0,0,0,C
Chmy68,0,1,0,0,0,A
Chmy69,0,1,0,0,0,B
Chmy70,0,1,0,0,0,B
Chmy71,0,1,0,0,0,B
Chmy72,0,1,0,0,0,B
Chmy73,0,1,0,0,0,A
Chmy74,0,1,0,0,0,A
Chmy75,0,1,0,0,0,B
Chmy76,0,1,0,0,0,B
Chmy77,0,1,0,0,0,B
Chmy78,0,1,0,0,0,A
Chmy79,0,1,0,0,0,C
Chmy80,0,1,0,0,0,A
Chmy81,0,1,0,0,0,B
Chmy82,0,1,0,0,0,A
Chmy83,0,1,0,0,0,B
Chmy84,0,1,0,0,0,C
Chmy85,0,1,0,0,0,A
Chmy86,0,1,0,0,0,B
Chmy87,0,1,0,1,1,B
Chmy88,0,1,0,0,0,B
Chmy89,0,1,0,0,0,A
Chmy90,0,1,0,1,1,A
Chmy91,0,1,0,0,0,A
Chmy92,0,1,0,0,0,B
Chmy93,0,1,0,0,0,B
Chmy94,0,1,0,0,0,A
Chmy95,0,1,0,0,0,B
Chmy96,0,1,0,0,0,B
Chmy97,0,1,0,0,0,B
Chmy98,0,1,0,0,0,B
Chmy99,0,1,0,0,0,B
Deco01,0,0,1,0,0,B
Deco02,0,0,1,0,0,B
Deco03,0,0,1,0,0,B
Deco04,0,0,1,0,0,B
Deco05,0,0,1,0,0,B
Deco06,0,0,1,0,0,B
Deco07,0,0,1,0,0,B
Deco08,0,0,1,0,0,B
Leke01,0,0,0,1,0,C
Leke02,0,0,0,1,0,C
Leke03,0,0,0,1,0,C
Leke04,0,0,0,1,0,A
Leke05,0,0,0,1,0,B
Leke06,0,0,0,1,0,A
Leke07,0,0,0,1,0,A
Leke08,0,0,0,1,0,A
Leke09,0,0,0,1,0,A
Leke10,0,0,0,1,0,A
Leke11,0,0,0,1,0,C
Leke12,0,0,0,1,0,A
Leke13,0,0,0,1,0,C
Leke14,0,0,0,1,0,A
Leke15,0,0,0,1,0,A
Leke16,0,0,0,1,0,C
Leke17,0,0,0,1,0,C
Leke18,0,0,0,1,0,A